time;Sequence Number;HK Status Flags;EPS Battery Volt;EPS System Curr;TX forward Power;TX Current;RX Current;RX doppler;RX RSSI;TX reflected Pwr;TX forwarded Pwr;PA Temperature;Bus Voltage;Ant Stat Side A;Ant Stat Side B;
2021-03-23 13:45:47;16;125;8.296;67;0.005975;0;22.515;414;953;0.003824;0.005975;3.35190615835777;8.09677419354839;256;256;
2021-03-23 13:46:47;24;125;8.286;67;0.005975;0;22.91;415;951;0.005975;0.005975;4.01466275659824;8.11290322580645;256;256;
2021-03-23 13:47:17;28;125;8.296;67;0.005975;0;22.91;412;942;0.003824;0.005975;4.34604105571847;8.09677419354839;256;256;
2021-03-23 13:47:46;32;125;8.286;63;0.005975;0;22.91;414;949;0.003824;0.005975;4.67741935483871;8.09677419354839;256;256;
2021-03-23 13:48:16;36;125;8.296;67;0.005975;0;22.91;414;958;0.003824;0.005975;5.00879765395894;8.09677419354839;256;256;
2021-03-25 13:34:56;190;125;8.296;63;0.005975;0;22.515;414;945;0.003824;0.005975;3.35190615835777;8.09677419354839;256;256;
2021-03-25 13:35:11;192;125;8.296;67;0.005975;0;22.515;413;943;0.005975;0.005975;3.68328445747801;8.11290322580645;256;256;
2021-03-25 13:36:26;202;125;8.296;63;0.005975;0;22.91;412;952;0.003824;0.005975;4.34604105571847;8.06451612903226;256;256;
2021-03-25 13:36:41;204;125;8.286;67;0.005975;0;22.515;414;949;0.005975;0.005975;4.34604105571847;8.09677419354839;256;256;
2021-03-25 13:36:56;206;125;8.296;67;0.005975;0;22.91;413;954;0.003824;0.005975;4.34604105571847;8.08064516129032;256;256;
2021-03-25 13:37:41;212;125;8.296;67;0.005975;0;22.91;412;952;0.005975;0.005975;5.00879765395894;8.09677419354839;256;256;
2021-03-25 13:38:11;216;125;8.286;67;0.005975;0;22.91;415;952;0.003824;0.005975;5.00879765395894;8.06451612903226;256;256;
2021-03-25 13:38:26;218;125;8.286;67;0.005975;0;22.91;412;955;0.003824;0.005975;5.34017595307918;8.09677419354839;256;256;
2021-03-25 13:38:41;220;125;8.286;67;0.005975;0;22.91;413;955;0.003824;0.005975;5.34017595307918;8.08064516129032;256;256;
2021-03-25 13:39:11;224;125;8.296;67;0.005975;0;22.91;413;943;0.003824;0.005975;5.67155425219941;8.11290322580645;256;256;
2021-03-25 13:39:41;228;125;8.286;67;0.005975;0;22.91;411;948;0.003824;0.005975;6.00293255131965;8.09677419354839;256;256;
2021-03-27 13:26:20;126;125;8.296;67;0.005975;0;22.91;411;957;0.003824;0.005975;-2.28152492668622;8.08064516129032;256;256;
2021-03-27 13:26:50;130;125;8.296;63;0.005975;0;22.515;410;945;0.003824;0.005975;-1.61876832844575;8.08064516129032;256;256;
2021-03-27 13:27:05;132;125;8.286;67;0.005975;0;22.515;413;946;0.003824;0.005975;-1.61876832844575;8.09677419354839;256;256;
2021-03-27 13:27:35;136;125;8.286;67;0.005975;0;22.515;413;947;0.003824;0.005975;-1.28739002932551;8.06451612903226;256;256;
2021-03-27 13:27:50;138;125;8.296;67;0.005975;0;22.515;412;953;0.003824;0.005975;-1.28739002932551;8.08064516129032;256;256;
2021-03-27 13:28:35;144;125;8.286;67;0.005975;0;22.515;411;943;0.003824;0.005975;-0.624633431085044;8.06451612903226;256;256;
2021-03-27 13:28:50;146;125;8.286;63;0.003824;0;22.515;384;950;0.003824;0.003824;-0.624633431085044;8.08064516129032;256;256;
2021-03-27 13:29:05;148;125;8.286;67;0.005975;0;22.515;414;958;0.005975;0.005975;-0.624633431085044;8.11290322580645;256;256;
2021-03-27 13:30:50;162;125;8.296;67;0.005975;0;22.515;414;941;0.003824;0.005975;0.0381231671554252;8.09677419354839;256;256;
2021-03-27 13:31:05;164;125;8.296;67;0.005975;0;22.515;414;950;0.003824;0.005975;0.36950146627566;8.09677419354839;256;256;
2021-03-27 13:31:20;166;125;8.296;67;0.005975;0;22.515;414;942;0.003824;0.005975;0.36950146627566;8.04838709677419;256;256;
2021-03-27 13:31:35;168;125;8.286;67;0.005975;0;22.91;416;952;0.003824;0.005975;0.700879765395894;8.08064516129032;256;256;
2021-03-27 13:31:50;170;125;8.296;67;0.005975;0;22.515;394;948;0.003824;0.005975;1.03225806451613;8.11290322580645;256;256;
2021-03-28 13:23:32;106;125;8.296;63;0.005975;0;22.515;408;952;0.002151;0.005975;-2.94428152492669;8.01612903225806;256;256;
2021-03-28 13:24:17;112;125;8.286;67;0.005975;0;22.515;406;944;0.003824;0.005975;-2.61290322580645;8.06451612903226;256;256;
2021-03-28 13:24:32;114;125;8.306;67;0.005975;0;22.91;404;938;0.003824;0.005975;-2.61290322580645;8.08064516129032;256;256;
2021-03-28 13:24:47;116;125;8.296;63;0.005975;0;22.515;409;952;0.003824;0.005975;-2.28152492668622;8.06451612903226;256;256;
2021-03-28 13:26:02;126;125;8.286;67;0.005975;0;22.91;406;941;0.003824;0.005975;-1.61876832844575;8.03225806451613;256;256;
2021-03-28 13:26:32;130;125;8.296;63;0.005975;0;22.515;414;948;0.003824;0.005975;-1.28739002932551;8.09677419354839;256;256;
2021-03-29 13:17:59;64;125;8.286;63;0.005975;0;22.515;412;946;0.003824;0.005975;-1.28739002932551;8.06451612903226;256;256;
2021-03-29 13:19:14;74;125;8.286;67;0.005975;0;22.515;412;951;0.003824;0.005975;0;8.08064516129032;256;256;
2021-03-29 13:20:14;82;125;8.296;67;0.005975;0;22.515;414;940;0.003824;0.005975;0.36950146627566;8.09677419354839;256;256;
2021-03-29 13:20:59;88;125;8.296;67;0.005975;0;22.515;413;949;0.003824;0.005975;0.700879765395894;8.09677419354839;256;256;
2021-03-29 13:21:59;96;125;8.296;67;0.005975;0;22.515;412;947;0.003824;0.005975;1.36363636363636;8.09677419354839;256;256;
2021-03-29 13:22:29;100;125;8.286;67;0.005975;0;22.515;413;949;0.003824;0.005975;2.02639296187683;8.09677419354839;256;256;
2021-03-29 14:54:29;68;125;8.286;63;0.005975;0;22.515;407;949;0.003824;0.005975;-2.28152492668622;8.04838709677419;256;256;
2021-03-30 13:14:12;36;125;8.296;67;0.005975;0;22.515;407;954;0.003824;0.005975;-3.27565982404692;4.12903225806452;256;256;
2021-03-30 13:15:42;48;125;8.286;67;0.005975;0;22.515;404;946;0.003824;0.005975;-2.94428152492669;8.06451612903226;256;256;
2021-03-30 13:16:42;56;125;8.286;67;0.005975;0;22.515;406;950;0.003824;0.005975;-2.28152492668622;8.08064516129032;256;256;
2021-03-31 13:10:09;6;125;8.286;67;0.005975;0;22.12;406;954;0.003824;0.005975;-3.27565982404692;8.06451612903226;256;256;
2021-03-31 13:10:24;8;125;8.286;67;0.005975;0;22.515;407;946;0.003824;0.005975;-2.94428152492669;8.11290322580645;256;256;
2021-03-31 13:12:39;26;125;8.286;67;0.005975;0;22.515;410;941;0.003824;0.005975;-1.95014662756598;8.06451612903226;256;256;
2021-04-01 13:07:06;240;125;8.296;67;0.005975;0;22.515;413;953;0.003824;0.005975;-1.28739002932551;8.09677419354839;256;256;
2021-04-02 14:36:47;192;125;8.296;67;0.005975;0;22.515;403;951;0.003824;0.005975;-4.60117302052786;8.09677419354839;256;256;
2021-04-02 14:37:17;196;125;8.286;67;0.005975;0;22.12;404;943;0.003824;0.005975;-4.26979472140762;8.08064516129032;256;256;
2021-04-02 14:38:02;202;125;8.296;67;0.005975;0;22.515;405;939;0.003824;0.005975;-3.93841642228739;8.06451612903226;256;256;
2021-04-02 14:38:17;204;125;8.286;67;0.005975;0;22.12;403;952;0.003824;0.005975;-3.60703812316716;8.09677419354839;256;256;
2021-04-02 14:39:17;212;125;8.296;63;0.005975;0;22.515;403;941;0.003824;0.005975;-3.27565982404692;8.06451612903226;256;256;
2021-04-02 14:40:32;222;125;8.296;67;0.005975;0;22.515;404;956;0.003824;0.005975;-2.61290322580645;8.08064516129032;256;256;
2021-04-03 14:33:14;166;125;8.286;67;0.005975;0;22.91;414;953;0.003824;0.005975;1.6950146627566;8.08064516129032;256;256;
2021-04-03 14:34:29;176;125;8.286;67;0.005975;0;22.515;410;952;0.003824;0.005975;2.35777126099707;8.09677419354839;256;256;
2021-04-03 14:34:44;178;125;8.286;67;0.005975;0;22.515;417;925;0.003824;0.005975;2.6891495601173;8.04838709677419;256;256;
2021-04-04 14:25:56;110;125;8.296;67;0.005975;0;22.515;407;945;0.003824;0.005975;-3.60703812316716;8.11290322580645;256;256;
2021-04-04 14:28:11;128;125;8.306;67;0.005975;0;22.12;409;947;0.003824;0.005975;-2.28152492668622;8.06451612903226;256;256;
2021-04-04 14:28:41;132;125;8.286;67;0.005975;0;22.515;411;952;0.003824;0.005975;-2.28152492668622;8.11290322580645;256;256;
2021-04-04 14:28:56;134;125;8.286;67;0.003824;0;22.12;408;944;0.002151;0.003824;-2.28152492668622;7.58064516129032;256;256;
2021-04-04 14:29:11;136;125;8.286;67;0.005975;0;22.515;410;949;0.003824;0.005975;-1.95014662756598;8.09677419354839;256;256;
2021-04-04 14:30:11;144;125;8.286;67;0.005975;0;22.515;451;944;0.005975;0.005975;-1.61876832844575;8.06451612903226;256;256;
2021-04-04 14:30:56;150;125;8.286;67;0.005975;0;22.515;412;947;0.003824;0.005975;-0.956011730205279;8.08064516129032;256;256;
2021-04-05 14:42:00;106;125;8.296;63;0.005975;0;22.515;405;948;0.003824;0.005975;-3.27565982404692;8.06451612903226;256;256;
2021-04-06 00:57:32;46;125;8.156;63;0.005975;0;22.91;414;949;0.003824;0.005975;2.02639296187683;7.95161290322581;256;256;
2021-04-06 00:58:17;52;125;8.156;63;0.005975;0;22.91;414;942;0.003824;0.005975;0;7.96774193548387;256;256;
2021-04-06 14:17:37;48;125;8.296;67;0.005975;0;22.515;418;954;0.003824;0.005975;-7.58357771260997;8.09677419354839;256;256;
2021-04-06 14:18:07;52;125;8.286;67;0.003824;0;19.355;411;945;0.003824;0.003824;-0.956011730205279;8.09677419354839;256;256;
2021-04-06 14:18:37;56;125;8.296;67;0.005975;0;22.515;414;949;0.003824;0.005975;-6.9208211143695;8.11290322580645;256;256;
2021-04-06 14:19:52;66;125;8.286;67;0.005975;0;22.515;410;945;0.003824;0.005975;0.0381231671554252;8.08064516129032;256;256;
2021-04-06 14:20:22;70;125;8.286;63;0.005975;0;22.91;412;955;0.003824;0.005975;0.0381231671554252;8.06451612903226;256;256;
2021-04-06 14:20:52;74;125;8.296;67;0.005975;0;22.515;414;955;0.003824;0.005975;0.36950146627566;8.04838709677419;256;256;
2021-04-06 14:21:07;76;125;8.286;67;0.005975;0;22.515;414;942;0.003824;0.005975;0.36950146627566;8.06451612903226;256;256;
2021-04-06 14:21:22;78;125;8.286;67;0.005975;0;22.515;414;942;0.003824;0.005975;0.700879765395894;8.09677419354839;256;256;
2021-04-06 14:21:37;80;125;8.296;67;0.005975;0;22.515;413;949;0.003824;0.005975;1.03225806451613;8.06451612903226;256;256;
2021-04-06 14:22:37;88;125;8.286;67;0.005975;0;22.515;413;949;0.003824;0.005975;1.6950146627566;8.09677419354839;256;256;
2021-04-06 14:22:52;90;125;8.286;67;0.005975;0;22.91;415;957;0.003824;0.005975;1.6950146627566;8.08064516129032;256;256;
2021-04-07 14:12:19;8;125;8.286;67;0.005975;0;22.515;413;947;0.003824;0.005975;1.03225806451613;8.11290322580645;256;256;
2021-04-07 14:12:34;10;125;8.296;67;0.005975;0;22.515;417;949;0.003824;0.005975;1.36363636363636;8.11290322580645;256;256;
2021-04-07 14:13:04;14;125;8.296;67;0.005975;0;22.91;414;947;0.003824;0.005975;1.6950146627566;8.11290322580645;256;256;
2021-04-07 14:13:19;16;125;8.296;67;0.005975;0;22.91;413;945;0.003824;0.005975;1.6950146627566;8.09677419354839;256;256;
2021-04-07 14:13:34;18;125;8.286;63;0.005975;0;22.91;413;951;0.003824;0.005975;2.02639296187683;8.11290322580645;256;256;
2021-04-07 14:17:04;46;125;8.296;67;0.005975;0;22.91;413;960;0.003824;0.005975;3.68328445747801;8.06451612903226;256;256;
2021-04-07 14:17:19;48;125;8.296;67;0.005975;0;22.91;414;954;0.003824;0.005975;3.68328445747801;8.09677419354839;256;256;
2021-04-07 14:17:34;50;125;8.286;67;0.005975;0;22.91;415;943;0.003824;0.005975;4.01466275659824;8.11290322580645;256;256;
2021-04-07 16:55:27;48;125;8.296;67;0.005975;0;22.91;414;954;0.003824;0.005975;3.68328445747801;8.09677419354839;256;256;
2021-04-08 14:11:31;4;125;8.296;67;0.005975;0;22.515;396;946;0.003824;0.005975;-5.59530791788856;8.09677419354839;256;256;
2021-04-08 14:12:01;8;125;8.296;67;0.005975;0;22.12;399;949;0.003824;0.005975;-5.26392961876833;8.08064516129032;256;256;
2021-04-08 14:12:31;12;125;8.286;63;0.005975;0;22.515;397;942;0.003824;0.005975;-4.93255131964809;8.12903225806452;256;256;
2021-04-08 14:12:46;14;125;8.286;63;0.005975;0;22.12;398;945;0.003824;0.005975;-4.60117302052786;8.08064516129032;256;256;
2021-04-08 14:13:01;16;125;8.286;63;0.005975;0;22.12;401;951;0.003824;0.005975;-4.60117302052786;8.08064516129032;256;256;
2021-04-08 14:13:46;22;125;8.286;63;0.005975;0;22.515;402;951;0.003824;0.005975;-4.26979472140762;8.04838709677419;256;256;
2021-04-08 14:14:01;24;125;8.296;67;0.005975;0;22.515;405;945;0.003824;0.005975;-4.26979472140762;8.09677419354839;256;256;
2021-04-08 14:14:16;26;125;8.296;63;0.005975;0;22.515;395;937;0.003824;0.005975;-3.93841642228739;8.04838709677419;256;256;
2021-04-09 14:06:28;222;125;8.296;63;0.005975;0;22.12;407;951;0.003824;0.005975;-2.28152492668622;8.09677419354839;256;256;
2021-04-09 14:08:28;238;125;8.286;67;0.005975;0;22.515;411;946;0.003824;0.005975;-1.28739002932551;8.09677419354839;256;256;
2021-04-09 14:08:43;240;125;8.286;67;0.005975;0;22.515;412;948;0.003824;0.005975;-1.28739002932551;8.04838709677419;256;256;
2021-04-09 14:08:58;242;125;8.296;67;0.005975;0;22.515;410;896;0.003824;0.005975;-0.956011730205279;8.06451612903226;256;256;
2021-04-09 14:09:28;246;125;8.296;67;0.005975;0;22.515;413;949;0.003824;0.005975;-0.624633431085044;8.08064516129032;256;256;
2021-04-09 14:09:58;250;125;8.296;67;0.005975;0;22.91;411;950;0.003824;0.005975;-0.293255131964809;8.09677419354839;256;256;
2021-04-09 14:10:28;254;125;8.296;67;0.005975;0;22.515;412;942;0.003824;0.005975;0.0381231671554252;8.06451612903226;256;256;
2021-04-09 14:18:37;238;125;8.286;67;0.005975;0;22.515;411;946;0.003824;0.005975;-1.28739002932551;8.09677419354839;256;256;
2021-04-09 14:20:03;238;125;8.286;67;0.005975;0;22.515;411;946;0.003824;0.005975;-1.28739002932551;8.09677419354839;256;256;
2021-04-09 15:58:12;92;125;8.296;67;0.005975;0;22.91;412;946;0.003824;0.005975;7.32844574780059;8.08064516129032;256;256;
2021-04-09 15:58:27;94;125;8.296;67;0.005975;0;22.91;412;939;0.003824;0.005975;7.32844574780059;8.08064516129032;256;256;
2021-04-09 15:58:42;96;125;8.286;67;0.005975;0;22.91;410;952;0.003824;0.005975;7.32844574780059;8.09677419354839;256;256;
2021-04-09 15:58:57;98;125;8.286;67;0.005975;0;22.91;411;946;0.003824;0.005975;7.65982404692082;8.11290322580645;256;256;
2021-04-10 13:58:41;162;125;8.286;67;0.005975;0;22.515;412;946;0.003824;0.005975;0.0381231671554252;8.08064516129032;256;256;
2021-04-10 13:59:26;168;125;8.286;67;0.005975;0;22.515;412;950;0.003824;0.005975;0.36950146627566;8.09677419354839;256;256;
2021-04-10 13:59:41;170;125;8.286;67;0.005975;0;22.515;412;956;0.003824;0.005975;0.36950146627566;8.09677419354839;256;256;
2021-04-10 13:59:56;172;125;8.286;67;0.005975;0;22.515;411;940;0.003824;0.005975;0.700879765395894;8.08064516129032;256;256;
2021-04-10 14:00:11;174;125;8.286;67;0.005975;0;22.515;414;950;0.003824;0.005975;0.700879765395894;8.11290322580645;256;256;
2021-04-10 14:00:26;176;125;8.296;63;0.005975;0;22.91;412;947;0.003824;0.005975;0.700879765395894;8.09677419354839;256;256;
2021-04-10 14:01:26;184;125;8.296;67;0.005975;0;22.91;414;949;0.003824;0.005975;1.36363636363636;8.09677419354839;256;256;
2021-04-10 14:01:40;186;125;8.296;67;0.005975;0;22.91;413;951;0.003824;0.005975;1.6950146627566;8.06451612903226;256;256;
2021-04-10 14:01:55;188;125;8.296;67;0.005975;0;22.515;413;947;0.003824;0.005975;1.6950146627566;8.11290322580645;256;256;
2021-04-10 14:02:10;190;125;8.296;63;0.005975;0;22.515;413;948;0.003824;0.005975;1.6950146627566;8.06451612903226;256;256;
2021-04-10 14:02:56;196;125;8.296;67;0.005975;0;22.91;414;768;0.003824;0.005975;2.35777126099707;8.08064516129032;256;256;
2021-04-10 14:03:11;198;125;8.296;67;0.005975;0;22.91;414;946;0.003824;0.005975;2.35777126099707;8.11290322580645;256;256;
2021-04-10 14:03:25;200;125;8.296;67;0.005975;0;22.515;436;944;0.003824;0.005975;2.6891495601173;4.12903225806452;256;256;
2021-04-10 14:04:25;208;125;8.296;67;0.005975;0;22.515;413;948;0.005975;0.005975;3.02052785923754;8.06451612903226;256;256;
2021-04-10 14:04:56;212;125;8.296;67;0.005975;0;22.515;413;956;0.003824;0.005975;3.02052785923754;8.09677419354839;256;256;
2021-04-10 14:05:10;214;125;8.286;67;0.005975;0;22.515;414;948;0.003824;0.005975;3.35190615835777;8.06451612903226;256;256;
2021-04-10 14:05:25;216;125;8.286;67;0.005975;0;22.91;413;945;0.003824;0.005975;3.68328445747801;8.08064516129032;256;256;
2021-04-10 14:06:10;222;125;8.296;67;0.005975;0;22.515;414;949;0.005975;0.005975;4.01466275659824;8.08064516129032;256;256;
2021-04-11 13:58:38;164;125;8.286;67;0.005975;0;22.515;403;955;0.003824;0.005975;-4.26979472140762;8.09677419354839;256;256;
2021-04-11 13:58:53;166;125;8.286;67;0.005975;0;22.12;438;951;0.005975;0.005975;-3.93841642228739;8.09677419354839;256;256;
2021-04-11 13:59:08;168;125;8.296;67;0.005975;0;22.12;405;946;0.003824;0.005975;-3.93841642228739;8.06451612903226;256;256;
2021-04-11 14:00:53;182;125;8.286;67;0.005975;0;22.515;405;948;0.003824;0.005975;-3.27565982404692;8.08064516129032;256;256;
2021-04-11 14:01:23;186;125;8.296;67;0.005975;0;22.515;398;952;0.003824;0.005975;-2.61290322580645;8.09677419354839;256;256;
2021-04-12 13:53:50;128;125;8.296;67;0.005975;0;22.515;405;954;0.003824;0.005975;-3.27565982404692;8.11290322580645;256;256;
2021-04-12 13:54:05;130;125;8.286;67;0.005975;0;22.515;406;954;0.003824;0.005975;-2.94428152492669;8.04838709677419;256;256;
2021-04-12 13:56:50;152;125;8.286;67;0.005975;0;22.515;408;946;0.003824;0.005975;-1.28739002932551;8.04838709677419;256;256;
2021-04-12 13:57:35;158;125;8.296;67;0.005975;0;22.515;408;949;0.003824;0.005975;-0.956011730205279;8.09677419354839;256;256;
2021-04-13 13:51:32;112;125;8.286;63;0.005975;0;22.515;412;943;0.003824;0.005975;0.36950146627566;8.08064516129032;256;256;
2021-04-13 13:52:47;122;125;8.286;67;0.005975;0;22.515;413;955;0.003824;0.005975;1.36363636363636;8.08064516129032;256;256;
2021-04-13 13:53:02;124;125;8.296;67;0.005975;0;22.515;414;948;0.003824;0.005975;1.36363636363636;8.08064516129032;256;256;
2021-04-13 13:53:17;126;125;8.296;67;0.005975;0;22.515;395;953;0.003824;0.005975;1.36363636363636;8.11290322580645;256;256;
2021-04-14 13:42:44;44;125;8.286;67;0.005975;0;22.515;406;963;0.003824;0.005975;-1.61876832844575;8.08064516129032;256;256;
2021-04-14 13:42:59;46;125;8.286;67;0.005975;0;22.515;406;945;0.003824;0.005975;-1.61876832844575;8.09677419354839;256;256;
2021-04-14 13:43:44;52;125;8.296;67;0.005975;0;22.515;412;946;0.003824;0.005975;-0.956011730205279;8.11290322580645;256;256;
2021-04-14 13:44:14;56;125;8.286;67;0.005975;0;22.515;413;948;0.003824;0.005975;-0.956011730205279;8.09677419354839;256;256;
2021-04-14 13:44:29;58;125;8.296;67;0.005975;0;22.515;412;949;0.003824;0.005975;-0.624633431085044;8.09677419354839;256;256;
2021-04-14 13:44:44;60;125;8.296;67;0.005975;0;22.515;412;947;0.003824;0.005975;-0.624633431085044;8.09677419354839;256;256;
2021-04-14 13:44:59;62;125;8.286;63;0.005975;0;22.515;408;955;0.003824;0.005975;-0.293255131964809;8.09677419354839;256;256;
2021-04-14 13:45:59;70;125;8.286;67;0.005975;0;22.515;414;768;0.003824;0.005975;0.0381231671554252;8.06451612903226;256;256;
2021-04-15 15:48:49;20;125;8.296;67;0.005975;0;22.12;406;940;0.003824;0.005975;-3.27565982404692;8.11290322580645;256;256;
2021-04-15 15:51:08;20;125;8.296;67;0.005975;0;22.12;406;940;0.003824;0.005975;-3.27565982404692;8.11290322580645;256;256;
2021-04-18 15:12:53;174;125;8.296;67;0.005975;0;22.12;402;945;0.003824;0.005975;-4.60117302052786;8.06451612903226;256;256;
2021-04-18 15:12:59;176;125;8.286;63;0.005975;0;22.12;399;956;0.003824;0.005975;-4.60117302052786;8.08064516129032;256;256;
2021-04-18 15:13:16;178;125;8.286;67;0.005975;0;22.515;399;957;0.003824;0.005975;-4.26979472140762;8.06451612903226;256;256;
2021-04-18 15:13:23;180;125;8.296;63;0.005975;0;22.12;401;953;0.003824;0.005975;-4.26979472140762;8.03225806451613;256;256;
2021-04-18 15:14:10;188;125;8.286;63;0.005975;0;22.515;401;952;0.003824;0.005975;-3.93841642228739;8.06451612903226;256;256;
2021-04-19 13:22:30;150;125;8.296;67;0.005975;0;22.12;400;954;0.003824;0.005975;-3.93841642228739;8.06451612903226;256;256;
2021-04-19 14:56:59;138;125;8.296;67;0.005975;0;22.12;399;942;0.003824;0.005975;-4.93255131964809;8.04838709677419;256;256;
2021-04-19 14:57:14;140;125;8.286;63;0.005975;0;22.12;402;953;0.003824;0.005975;-4.93255131964809;8.08064516129032;256;256;
2021-04-19 14:57:44;144;125;8.286;67;0.005975;0;22.515;402;943;0.003824;0.005975;-4.60117302052786;8.06451612903226;256;256;
2021-04-19 14:58:14;148;125;8.286;67;0.005975;0;22.515;402;952;0.003824;0.005975;-4.26979472140762;8.04838709677419;256;256;
2021-04-19 14:58:29;150;125;8.286;67;0.005975;0;22.515;399;945;0.003824;0.005975;-4.26979472140762;8.08064516129032;256;256;
2021-04-19 14:58:44;152;125;8.286;63;0.005975;0;22.12;402;947;0.003824;0.005975;-3.93841642228739;8.08064516129032;256;256;
2021-04-19 14:58:59;154;125;8.276;63;0.005975;0;22.515;402;953;0.003824;0.005975;0;8.08064516129032;256;256;
2021-04-19 14:59:14;156;125;8.286;63;0.005975;0;22.12;405;951;0.003824;0.005975;-3.60703812316716;8.08064516129032;256;256;
2021-04-21 13:12:55;78;125;8.286;63;0.005975;0;22.515;404;944;0.003824;0.005975;-3.93841642228739;4.12903225806452;256;256;
2021-04-21 13:15:40;100;125;8.296;63;0.005975;0;22.515;406;948;0.003824;0.005975;-2.61290322580645;8.08064516129032;256;256;
2021-04-21 14:47:53;70;125;8.296;67;0.005975;0;22.12;404;945;0.003824;0.005975;-3.60703812316716;8.06451612903226;256;256;
2021-04-21 14:48:38;76;125;8.296;63;0.005975;0;22.12;403;941;0.003824;0.005975;-3.27565982404692;8.04838709677419;256;256;
2021-04-21 14:48:53;78;125;8.296;67;0.005975;0;22.515;404;955;0.003824;0.005975;-3.27565982404692;8.08064516129032;256;256;
2021-04-21 14:49:23;82;125;8.296;67;0.005975;0;22.515;404;955;0.003824;0.005975;-2.94428152492669;8.06451612903226;256;256;
2021-04-21 14:50:53;94;125;8.276;67;0.005975;0;22.515;408;949;0.003824;0.005975;-2.28152492668622;8.06451612903226;256;256;
2021-04-21 14:51:23;98;125;8.286;63;0.005975;0;22.12;408;944;0.003824;0.005975;-1.95014662756598;8.08064516129032;256;256;
2021-04-21 14:51:38;100;125;8.296;67;0.005975;0;22.515;410;959;0.003824;0.005975;-1.95014662756598;8.06451612903226;256;256;
2021-04-21 14:51:53;102;125;8.286;67;0.005975;0;22.515;410;944;0.003824;0.005975;-1.61876832844575;8.11290322580645;256;256;
2021-04-21 14:52:38;108;125;8.276;67;0.005975;0;22.515;412;951;0.003824;0.005975;-1.61876832844575;8.09677419354839;256;256;
2021-04-22 13:08:51;48;125;8.296;63;0.005975;0;22.515;400;945;0.003824;0.005975;-3.93841642228739;8.11290322580645;256;256;
2021-04-22 13:10:06;58;125;8.296;67;0.005975;0;22.12;406;943;0.003824;0.005975;-3.27565982404692;8.04838709677419;256;256;
2021-04-22 13:10:21;60;125;8.286;63;0.005975;0;22.515;405;953;0.003824;0.005975;-3.27565982404692;8.04838709677419;256;256;
2021-04-22 13:10:36;62;125;8.286;67;0.005975;0;22.12;406;928;0.003824;0.005975;-2.94428152492669;8.08064516129032;256;256;
2021-04-22 13:11:06;66;125;8.286;63;0.005975;0;22.515;402;954;0.003824;0.005975;-2.61290322580645;8.09677419354839;256;256;
2021-04-22 13:11:36;70;125;8.296;63;0.005975;0;22.515;405;955;0.002151;0.005975;-2.61290322580645;8.11290322580645;256;256;
2021-04-22 13:12:06;74;125;8.286;63;0.005975;0;22.515;403;939;0.003824;0.005975;-2.28152492668622;8.06451612903226;256;256;
2021-04-22 13:12:21;76;125;8.286;67;0.005975;0;22.515;409;954;0.003824;0.005975;-2.28152492668622;8.08064516129032;256;256;
2021-04-22 13:12:36;78;125;8.286;67;0.005975;0;22.515;406;949;0.003824;0.005975;-1.95014662756598;8.06451612903226;256;256;
2021-04-22 13:13:06;82;125;8.296;63;0.005975;0;22.515;402;947;0.003824;0.005975;-1.61876832844575;8.09677419354839;256;256;
2021-04-22 14:45:05;50;125;8.296;63;0.005975;0;22.515;402;956;0.003824;0.005975;-3.60703812316716;8.06451612903226;256;256;
2021-04-22 14:45:35;54;125;8.296;67;0.005975;0;22.515;402;945;0.003824;0.005975;-3.27565982404692;8.08064516129032;256;256;
2021-04-22 14:46:35;62;125;8.286;67;0.005975;0;22.515;405;947;0.003824;0.005975;-2.61290322580645;8.04838709677419;256;256;
2021-04-22 14:46:50;64;125;8.296;63;0.005975;0;22.515;402;959;0.003824;0.005975;-2.61290322580645;8.09677419354839;256;256;
2021-04-22 14:47:35;70;125;8.286;63;0.005975;0;22.515;406;946;0.003824;0.005975;-2.28152492668622;8.09677419354839;256;256;
2021-04-24 01:11:55;204;125;8.166;63;0.005975;0;22.91;414;953;0.003824;0.005975;5.67155425219941;7.98387096774194;256;256;
2021-04-24 13:00:16;240;125;8.276;63;0.005975;0;22.515;401;952;0.003824;0.005975;-3.60703812316716;8.09677419354839;256;256;
2021-04-24 13:01:46;252;125;8.296;63;0.005975;0;22.515;401;955;0.003824;0.005975;-3.27565982404692;8.06451612903226;256;256;
2021-04-24 14:36:00;238;125;8.296;63;0.005975;0;22.515;403;925;0.003824;0.005975;-3.93841642228739;8.08064516129032;256;256;
2021-04-24 14:37:29;250;125;8.286;63;0.005975;0;22.515;407;951;0.003824;0.005975;-3.27565982404692;8.09677419354839;256;256;
2021-04-24 14:37:59;254;125;8.306;67;0.005975;0;22.515;403;946;0.003824;0.005975;-2.94428152492669;8.09677419354839;256;256;
2021-04-25 12:55:13;202;125;8.286;63;0.005975;0;22.12;406;951;0.003824;0.005975;-3.60703812316716;8.06451612903226;256;256;
2021-04-25 12:55:43;206;125;8.276;67;0.005975;0;22.515;406;956;0.003824;0.005975;-3.60703812316716;8.06451612903226;256;256;
2021-04-25 12:55:58;208;125;8.296;63;0.005975;0;22.12;407;944;0.003824;0.005975;-3.27565982404692;8.09677419354839;256;256;
2021-04-25 12:56:58;216;125;8.296;63;0.005975;0;22.515;406;957;0.003824;0.005975;-2.94428152492669;8.11290322580645;256;256;
2021-04-25 12:57:13;218;125;8.286;67;0.005975;0;22.515;394;958;0.003824;0.005975;-2.61290322580645;8.04838709677419;256;256;
2021-04-25 12:57:28;220;125;8.286;63;0.005975;0;22.515;407;950;0.003824;0.005975;-2.61290322580645;8.08064516129032;256;256;
2021-04-25 12:58:13;226;125;8.296;67;0.005975;0;22.515;406;941;0.003824;0.005975;-2.28152492668622;8.06451612903226;256;256;
2021-04-25 14:29:27;188;125;8.296;63;0.005975;0;22.515;401;184;0.003824;0.005975;-4.93255131964809;8.08064516129032;256;256;
2021-04-25 14:31:26;204;125;8.296;63;0.005975;0;22.515;402;951;0.003824;0.005975;-3.93841642228739;8.06451612903226;256;256;
2021-04-25 14:31:42;206;125;8.296;67;0.005975;0;22.91;398;955;0.003824;0.005975;-3.60703812316716;8.08064516129032;256;256;
2021-04-25 14:32:11;210;125;8.296;63;0.005975;0;22.515;403;953;0.003824;0.005975;-3.27565982404692;8.11290322580645;256;256;
2021-04-25 14:32:56;216;125;8.296;63;0.005975;0;22.515;396;954;0.003824;0.005975;-2.94428152492669;8.08064516129032;256;256;
2021-04-25 14:33:11;218;125;8.296;67;0.005975;0;22.515;397;951;0.003824;0.005975;-2.94428152492669;8.04838709677419;256;256;
2021-04-25 14:33:26;220;125;8.286;67;0.005975;0;22.515;441;948;0.005975;0.005975;-2.94428152492669;8.04838709677419;256;256;
2021-04-25 14:34:12;226;125;8.296;67;0.005975;0;22.515;409;953;0.003824;0.005975;-1.95014662756598;8.03225806451613;256;256;
2021-04-25 14:35:41;238;125;8.296;63;0.005975;0;22.515;405;953;0.003824;0.005975;-1.28739002932551;8.06451612903226;256;256;
2021-04-25 14:35:57;240;125;8.286;63;0.005975;0;22.91;404;946;0.003824;0.005975;-1.61876832844575;8.08064516129032;256;256;
2021-04-25 14:36:56;248;125;8.286;67;0.003824;0;22.515;412;935;0.003824;0.003824;-0.956011730205279;8.09677419354839;256;256;
2021-04-25 14:37:11;250;125;8.296;67;0.005975;0;22.515;413;951;0.003824;0.005975;-0.624633431085044;8.08064516129032;256;256;
2021-04-25 14:37:41;254;125;8.286;67;0.005975;0;22.515;412;942;0.003824;0.005975;-0.293255131964809;8.06451612903226;256;256;
2021-04-25 14:38:26;4;125;8.286;67;0.005975;0;22.515;413;922;0.003824;0.005975;0.0381231671554252;8.08064516129032;256;256;
2021-04-25 14:38:41;6;125;8.286;67;0.005975;0;22.515;414;948;0.003824;0.005975;0.36950146627566;8.09677419354839;256;256;
2021-04-25 14:38:56;8;125;8.296;67;0.005975;0;22.515;415;948;0.003824;0.005975;0.0381231671554252;8.06451612903226;256;256;
2021-04-25 14:39:41;14;125;8.296;63;0.005975;0;22.91;413;952;0.003824;0.005975;0.700879765395894;8.06451612903226;256;256;
2021-04-25 14:39:56;16;125;8.286;67;0.005975;0;22.515;411;951;0.003824;0.005975;0.700879765395894;8.08064516129032;256;256;
2021-04-25 14:41:11;26;125;8.296;67;0.005975;0;22.91;411;951;0.003824;0.005975;1.36363636363636;8.09677419354839;256;256;
2021-04-25 21:23:47;44;125;8.216;63;0.005975;0;23.305;416;947;0.003824;0.005975;13.624633431085;8.03225806451613;256;256;
2021-04-25 21:23:47;42;125;8.216;67;0.005975;0;23.305;413;945;0.003824;0.005975;13.624633431085;8.03225806451613;256;256;
2021-04-25 21:23:48;50;125;8.216;67;0.005975;0;23.7;411;940;0.003824;0.005975;13.624633431085;8.03225806451613;256;256;
2021-04-25 21:24:03;32;125;8.276;67;0.005975;0;23.7;430;946;0.005975;0.005975;13.624633431085;8.04838709677419;256;256;
2021-04-25 21:24:04;42;125;8.216;67;0.005975;0;23.305;413;945;0.003824;0.005975;13.624633431085;8.03225806451613;256;256;
2021-04-25 21:24:05;50;125;8.216;67;0.005975;0;23.7;411;940;0.003824;0.005975;13.624633431085;8.03225806451613;256;256;
2021-04-25 21:24:05;44;125;8.216;63;0.005975;0;23.305;416;947;0.003824;0.005975;13.624633431085;8.03225806451613;256;256;
2021-04-25 21:31:21;50;125;8.216;67;0.005975;0;23.7;411;940;0.003824;0.005975;13.624633431085;8.03225806451613;256;256;
2021-04-25 21:31:21;44;125;8.216;63;0.005975;0;23.305;416;947;0.003824;0.005975;13.624633431085;8.03225806451613;256;256;
2021-04-25 21:31:21;42;125;8.216;67;0.005975;0;23.305;413;945;0.003824;0.005975;13.624633431085;8.03225806451613;256;256;
2021-04-25 21:31:46;32;125;8.276;67;0.005975;0;23.7;430;946;0.005975;0.005975;13.624633431085;8.04838709677419;256;256;
2021-04-25 21:31:47;50;125;8.216;67;0.005975;0;23.7;411;940;0.003824;0.005975;13.624633431085;8.03225806451613;256;256;
2021-04-25 21:31:47;44;125;8.216;63;0.005975;0;23.305;416;947;0.003824;0.005975;13.624633431085;8.03225806451613;256;256;
2021-04-25 21:31:47;42;125;8.216;67;0.005975;0;23.305;413;945;0.003824;0.005975;13.624633431085;8.03225806451613;256;256;
2021-04-25 21:32:38;32;125;8.276;67;0.005975;0;23.7;430;946;0.005975;0.005975;13.624633431085;8.04838709677419;256;256;
2021-04-25 21:32:40;50;125;8.216;67;0.005975;0;23.7;411;940;0.003824;0.005975;13.624633431085;8.03225806451613;256;256;
2021-04-25 21:32:40;44;125;8.216;63;0.005975;0;23.305;416;947;0.003824;0.005975;13.624633431085;8.03225806451613;256;256;
2021-04-25 21:32:40;42;125;8.216;67;0.005975;0;23.305;413;945;0.003824;0.005975;13.624633431085;8.03225806451613;256;256;
2021-04-26 02:34:01;98;125;8.186;63;0.005975;0;23.305;411;948;0.003824;0.005975;8.65395894428153;7.98387096774194;256;256;
2021-04-26 02:35:01;106;125;8.176;63;0.005975;0;23.305;413;942;0.003824;0.005975;7.99120234604106;7.96774193548387;256;256;
2021-04-26 11:11:06;78;125;8.296;67;0.005975;0;22.91;412;942;0.005975;0.005975;6.33431085043988;8.08064516129032;256;256;
2021-04-26 11:11:17;78;125;8.296;67;0.005975;0;22.91;412;942;0.005975;0.005975;6.33431085043988;8.08064516129032;256;256;
2021-04-26 14:26:24;166;125;8.296;67;0.005975;0;22.515;402;950;0.003824;0.005975;-4.26979472140762;8.06451612903226;256;256;
2021-04-26 14:26:39;168;125;8.296;67;0.005975;0;22.515;401;947;0.003824;0.005975;-4.26979472140762;8.11290322580645;256;256;
2021-04-26 14:27:09;172;125;8.296;63;0.005975;0;22.12;403;950;0.003824;0.005975;-3.93841642228739;8.11290322580645;256;256;
2021-04-26 14:27:24;174;125;8.286;67;0.005975;0;22.515;402;942;0.003824;0.005975;-3.93841642228739;8.04838709677419;256;256;
2021-04-26 14:27:54;178;125;8.286;63;0.005975;0;22.515;406;851;0.003824;0.005975;-3.60703812316716;8.08064516129032;256;256;
2021-04-26 14:28:09;180;125;8.306;63;0.003824;0;22.12;405;944;0.003824;0.003824;-3.60703812316716;8.11290322580645;256;256;
2021-04-26 14:28:24;182;125;8.286;67;0.005975;0;22.515;411;947;0.003824;0.005975;-3.60703812316716;8.09677419354839;256;256;
2021-04-26 14:28:54;186;125;8.296;67;0.005975;0;22.515;407;947;0.003824;0.005975;-3.27565982404692;8.08064516129032;256;256;
2021-04-26 14:29:09;188;125;8.286;67;0.005975;0;22.515;403;939;0.003824;0.005975;-2.94428152492669;8.08064516129032;256;256;
2021-04-26 14:29:39;192;125;8.296;63;0.005975;0;22.515;407;947;0.003824;0.005975;-2.61290322580645;8.08064516129032;256;256;
2021-04-26 14:29:54;194;125;8.286;67;0.005975;0;22.91;399;951;0.003824;0.005975;-2.61290322580645;8.04838709677419;256;256;
2021-04-26 14:30:24;198;125;8.296;67;0.005975;0;22.515;408;938;0.003824;0.005975;-2.28152492668622;8.09677419354839;256;256;
2021-04-26 14:31:39;208;125;8.296;63;0.005975;0;22.515;408;954;0.003824;0.005975;-1.95014662756598;8.11290322580645;256;256;
2021-04-26 14:31:54;210;125;8.296;67;0.005975;0;22.515;409;953;0.003824;0.005975;-1.61876832844575;8.08064516129032;256;256;
2021-04-27 14:22:21;136;125;8.286;63;0.005975;0;22.12;401;956;0.003824;0.005975;-4.26979472140762;8.08064516129032;256;256;
2021-04-27 14:22:36;138;125;8.286;67;0.005975;0;22.12;403;953;0.003824;0.005975;-4.26979472140762;8.06451612903226;256;256;
2021-04-27 14:22:51;140;125;8.296;63;0.005975;0;22.515;396;952;0.003824;0.005975;-4.26979472140762;8.06451612903226;256;256;
2021-04-27 14:23:36;146;125;8.296;63;0.005975;0;22.12;406;949;0.003824;0.005975;-3.93841642228739;8.06451612903226;256;256;
2021-04-27 14:23:51;148;125;8.286;63;0.005975;0;22.91;399;950;0.003824;0.005975;-3.93841642228739;8.06451612903226;256;256;
2021-04-27 14:24:06;150;125;8.286;67;0.003824;0;22.12;413;947;0.003824;0.003824;-3.27565982404692;8.09677419354839;256;256;
2021-04-27 14:24:21;152;125;8.296;63;0.005975;0;22.515;402;945;0.003824;0.005975;-3.60703812316716;8.08064516129032;256;256;
2021-04-27 14:25:06;158;125;8.286;63;0.005975;0;22.91;394;938;0.003824;0.005975;-2.94428152492669;8.06451612903226;256;256;
2021-04-27 14:25:36;162;125;8.296;67;0.005975;0;22.515;408;944;0.003824;0.005975;-2.94428152492669;8.04838709677419;256;256;
2021-04-27 14:27:06;174;125;8.286;67;0.003824;0;22.515;408;940;0.003824;0.003824;-1.95014662756598;8.09677419354839;256;256;
2021-04-28 14:28:12;102;125;8.296;67;0.005975;0;22.515;425;947;0.003824;0.005975;-4.26979472140762;8.08064516129032;256;256;
2021-04-28 14:28:37;104;125;8.286;67;0.005975;0;22.91;431;939;0.003824;0.005975;-4.26979472140762;8.08064516129032;256;256;
2021-04-29 14:13:32;70;125;8.286;67;0.005975;0;22.515;399;940;0.003824;0.005975;-3.93841642228739;8.06451612903226;256;256;
2021-04-29 14:13:46;72;125;8.296;63;0.005975;0;22.91;417;938;0.003824;0.005975;-4.26979472140762;8.06451612903226;256;256;
2021-04-29 14:14:01;74;125;8.286;67;0.003824;0;22.515;400;942;0.003824;0.003824;-3.60703812316716;8.06451612903226;256;256;
2021-04-29 14:14:16;76;125;8.296;63;0.005975;0;22.515;403;954;0.003824;0.005975;-3.93841642228739;8.08064516129032;256;256;
2021-04-29 14:14:31;78;125;8.296;63;0.005975;0;22.515;405;941;0.003824;0.005975;-3.60703812316716;8.09677419354839;256;256;
2021-04-29 14:15:01;82;125;8.286;67;0.005975;0;22.12;427;942;0.003824;0.005975;-3.27565982404692;8.06451612903226;256;256;
2021-04-29 14:15:16;84;125;8.296;67;0.005975;0;22.515;407;946;0.003824;0.005975;-3.27565982404692;8.04838709677419;256;256;
2021-04-29 14:15:31;86;125;8.286;63;0.005975;0;22.12;447;941;0.005975;0.005975;-3.27565982404692;8.08064516129032;256;256;
2021-04-29 14:15:46;88;125;8.296;67;0.005975;0;22.515;406;945;0.003824;0.005975;-3.27565982404692;8.08064516129032;256;256;
2021-04-29 14:16:16;92;125;8.296;63;0.005975;0;22.12;448;938;0.005975;0.005975;-2.94428152492669;8.09677419354839;256;256;
2021-04-29 14:17:01;98;125;8.286;67;0.005975;0;22.515;402;952;0.003824;0.005975;-2.61290322580645;8.06451612903226;256;256;
2021-04-29 14:17:16;100;125;8.296;63;0.003824;0;22.515;408;945;0.003824;0.003824;-2.28152492668622;8.04838709677419;256;256;
2021-04-30 14:10:59;52;125;8.286;67;0.005975;0;22.515;399;950;0.003824;0.005975;-3.60703812316716;8.03225806451613;256;256;
2021-04-30 14:11:14;54;125;8.276;63;0.005975;0;22.515;405;952;0.003824;0.005975;-3.60703812316716;8.09677419354839;256;256;
2021-04-30 14:11:29;56;125;8.296;67;0.005975;0;22.515;405;955;0.003824;0.005975;-3.60703812316716;8.04838709677419;256;256;
2021-04-30 14:11:44;58;125;8.286;63;0.005975;0;22.515;404;947;0.003824;0.005975;-2.94428152492669;8.09677419354839;256;256;
2021-04-30 14:11:59;60;125;8.286;67;0.005975;0;22.515;402;958;0.003824;0.005975;-2.94428152492669;8.03225806451613;256;256;
2021-04-30 14:13:29;72;125;8.296;67;0.005975;0;22.515;388;958;0.003824;0.005975;-2.61290322580645;8.09677419354839;256;256;
2021-04-30 14:13:44;74;125;8.286;63;0.005975;0;22.515;404;942;0.002151;0.005975;-2.28152492668622;8.08064516129032;256;256;
2021-05-02 14:00:25;212;125;8.296;67;0.005975;0;22.12;399;955;0.003824;0.005975;-5.26392961876833;8.04838709677419;256;256;
2021-05-02 14:01:25;212;125;8.296;67;0.005975;0;22.12;399;955;0.003824;0.005975;-5.26392961876833;8.04838709677419;256;256;
2021-05-02 14:04:25;212;125;8.296;67;0.005975;0;22.12;399;955;0.003824;0.005975;-5.26392961876833;8.04838709677419;256;256;
2021-05-03 13:57:24;212;125;8.296;67;0.005975;0;22.12;399;955;0.003824;0.005975;-5.26392961876833;8.04838709677419;256;256;
2021-05-04 13:52:23;212;125;8.296;67;0.005975;0;22.12;399;955;0.003824;0.005975;-5.26392961876833;8.04838709677419;256;256;
2021-05-04 13:53:23;212;125;8.296;67;0.005975;0;22.12;399;955;0.003824;0.005975;-5.26392961876833;8.04838709677419;256;256;
2021-05-04 13:54:23;212;125;8.296;67;0.005975;0;22.12;399;955;0.003824;0.005975;-5.26392961876833;8.04838709677419;256;256;
2021-05-08 15:49:50;212;125;8.296;67;0.005975;0;22.12;399;955;0.003824;0.005975;-5.26392961876833;8.04838709677419;256;256;
2021-05-09 15:09:18;212;125;8.296;67;0.005975;0;22.12;399;955;0.003824;0.005975;-5.26392961876833;8.04838709677419;256;256;
2021-05-09 15:10:18;212;125;8.296;67;0.005975;0;22.12;399;955;0.003824;0.005975;-5.26392961876833;8.04838709677419;256;256;
2021-05-09 15:11:18;212;125;8.296;67;0.005975;0;22.12;399;955;0.003824;0.005975;-5.26392961876833;8.04838709677419;256;256;
2021-05-09 15:12:18;212;125;8.296;67;0.005975;0;22.12;399;955;0.003824;0.005975;-5.26392961876833;8.04838709677419;256;256;
2021-05-09 15:13:18;212;125;8.296;67;0.005975;0;22.12;399;955;0.003824;0.005975;-5.26392961876833;8.04838709677419;256;256;
2021-05-10 13:24:17;212;125;8.296;67;0.005975;0;22.12;399;955;0.003824;0.005975;-5.26392961876833;8.04838709677419;256;256;
2021-05-10 15:04:17;212;125;8.296;67;0.005975;0;22.12;399;955;0.003824;0.005975;-5.26392961876833;8.04838709677419;256;256;
2021-05-10 15:05:17;212;125;8.296;67;0.005975;0;22.12;399;955;0.003824;0.005975;-5.26392961876833;8.04838709677419;256;256;
2021-05-10 15:06:17;212;125;8.296;67;0.005975;0;22.12;399;955;0.003824;0.005975;-5.26392961876833;8.04838709677419;256;256;
2021-05-10 15:07:17;212;125;8.296;67;0.005975;0;22.12;399;955;0.003824;0.005975;-5.26392961876833;8.04838709677419;256;256;
2021-05-10 15:08:17;212;125;8.296;67;0.005975;0;22.12;399;955;0.003824;0.005975;-5.26392961876833;8.04838709677419;256;256;
2021-05-10 15:09:17;212;125;8.296;67;0.005975;0;22.12;399;955;0.003824;0.005975;-5.26392961876833;8.04838709677419;256;256;
2021-05-10 15:10:17;212;125;8.296;67;0.005975;0;22.12;399;955;0.003824;0.005975;-5.26392961876833;8.04838709677419;256;256;
2021-05-11 13:24:16;212;125;8.296;67;0.005975;0;22.12;399;955;0.003824;0.005975;-5.26392961876833;8.04838709677419;256;256;
2021-05-11 15:02:16;212;125;8.296;67;0.005975;0;22.12;399;955;0.003824;0.005975;-5.26392961876833;8.04838709677419;256;256;
2021-05-12 02:59:16;212;125;8.296;67;0.005975;0;22.12;399;955;0.003824;0.005975;-5.26392961876833;8.04838709677419;256;256;
2021-05-12 03:00:15;212;125;8.296;67;0.005975;0;22.12;399;955;0.003824;0.005975;-5.26392961876833;8.04838709677419;256;256;
2021-05-12 03:01:15;212;125;8.296;67;0.005975;0;22.12;399;955;0.003824;0.005975;-5.26392961876833;8.04838709677419;256;256;
2021-05-12 13:17:15;212;125;8.296;67;0.005975;0;22.12;399;955;0.003824;0.005975;-5.26392961876833;8.04838709677419;256;256;
2021-05-12 13:18:15;212;125;8.296;67;0.005975;0;22.12;399;955;0.003824;0.005975;-5.26392961876833;8.04838709677419;256;256;
2021-05-12 13:19:15;212;125;8.296;67;0.005975;0;22.12;399;955;0.003824;0.005975;-5.26392961876833;8.04838709677419;256;256;
2021-05-12 14:52:15;212;125;8.296;67;0.005975;0;22.12;399;955;0.003824;0.005975;-5.26392961876833;8.04838709677419;256;256;
2021-05-12 14:53:15;212;125;8.296;67;0.005975;0;22.12;399;955;0.003824;0.005975;-5.26392961876833;8.04838709677419;256;256;
2021-05-12 14:54:15;212;125;8.296;67;0.005975;0;22.12;399;955;0.003824;0.005975;-5.26392961876833;8.04838709677419;256;256;
2021-05-12 14:56:15;212;125;8.296;67;0.005975;0;22.12;399;955;0.003824;0.005975;-5.26392961876833;8.04838709677419;256;256;
2021-05-12 14:57:15;212;125;8.296;67;0.005975;0;22.12;399;955;0.003824;0.005975;-5.26392961876833;8.04838709677419;256;256;
2021-05-12 14:58:15;212;125;8.296;67;0.005975;0;22.12;399;955;0.003824;0.005975;-5.26392961876833;8.04838709677419;256;256;
2021-05-12 14:59:15;212;125;8.296;67;0.005975;0;22.12;399;955;0.003824;0.005975;-5.26392961876833;8.04838709677419;256;256;
2021-05-13 02:55:15;212;125;8.296;67;0.005975;0;22.12;399;955;0.003824;0.005975;-5.26392961876833;8.04838709677419;256;256;
2021-05-13 02:56:15;212;125;8.296;67;0.005975;0;22.12;399;955;0.003824;0.005975;-5.26392961876833;8.04838709677419;256;256;
2021-05-14 02:50:14;212;125;8.296;67;0.005975;0;22.12;399;955;0.003824;0.005975;-5.26392961876833;8.04838709677419;256;256;
2021-05-14 02:51:14;212;125;8.296;67;0.005975;0;22.12;399;955;0.003824;0.005975;-5.26392961876833;8.04838709677419;256;256;
2021-05-14 02:53:14;212;125;8.296;67;0.005975;0;22.12;399;955;0.003824;0.005975;-5.26392961876833;8.04838709677419;256;256;
2021-05-14 13:07:14;212;125;8.296;67;0.005975;0;22.12;399;955;0.003824;0.005975;-5.26392961876833;8.04838709677419;256;256;
2021-05-14 14:50:13;212;125;8.296;67;0.005975;0;22.12;399;955;0.003824;0.005975;-5.26392961876833;8.04838709677419;256;256;
2021-05-15 02:45:13;212;125;8.296;67;0.005975;0;22.12;399;955;0.003824;0.005975;-5.26392961876833;8.04838709677419;256;256;
2021-05-15 02:46:13;212;125;8.296;67;0.005975;0;22.12;399;955;0.003824;0.005975;-5.26392961876833;8.04838709677419;256;256;
2021-05-15 02:47:13;212;125;8.296;67;0.005975;0;22.12;399;955;0.003824;0.005975;-5.26392961876833;8.04838709677419;256;256;
2021-05-15 14:41:13;212;125;8.296;67;0.005975;0;22.12;399;955;0.003824;0.005975;-5.26392961876833;8.04838709677419;256;256;
2021-05-15 14:45:13;212;125;8.296;67;0.005975;0;22.12;399;955;0.003824;0.005975;-5.26392961876833;8.04838709677419;256;256;
2021-05-16 14:40:12;212;125;8.296;67;0.005975;0;22.12;399;955;0.003824;0.005975;-5.26392961876833;8.04838709677419;256;256;
2021-05-17 12:55:11;212;125;8.296;67;0.005975;0;22.12;399;955;0.003824;0.005975;-5.26392961876833;8.04838709677419;256;256;
2021-05-17 14:38:10;212;125;8.296;67;0.005975;0;22.12;399;955;0.003824;0.005975;-5.26392961876833;8.04838709677419;256;256;
2021-05-17 14:39:10;212;125;8.296;67;0.005975;0;22.12;399;955;0.003824;0.005975;-5.26392961876833;8.04838709677419;256;256;
2021-05-17 14:40:10;212;125;8.296;67;0.005975;0;22.12;399;955;0.003824;0.005975;-5.26392961876833;8.04838709677419;256;256;
2021-05-19 14:22:10;212;125;8.296;67;0.005975;0;22.12;399;955;0.003824;0.005975;-5.26392961876833;8.04838709677419;256;256;
2021-05-19 14:24:09;212;125;8.296;67;0.005975;0;22.12;399;955;0.003824;0.005975;-5.26392961876833;8.04838709677419;256;256;
2021-05-19 14:33:28;212;125;8.296;67;0.005975;0;22.12;399;955;0.003824;0.005975;-5.26392961876833;8.04838709677419;256;256;
2021-05-21 14:12:08;212;125;8.296;67;0.005975;0;22.12;399;955;0.003824;0.005975;-5.26392961876833;8.04838709677419;256;256;
2021-05-21 14:13:08;212;125;8.296;67;0.005975;0;22.12;399;955;0.003824;0.005975;-5.26392961876833;8.04838709677419;256;256;
2021-05-21 14:14:08;212;125;8.296;67;0.005975;0;22.12;399;955;0.003824;0.005975;-5.26392961876833;8.04838709677419;256;256;
2021-05-21 14:15:08;212;125;8.296;67;0.005975;0;22.12;399;955;0.003824;0.005975;-5.26392961876833;8.04838709677419;256;256;
2021-05-22 14:18:51;212;125;8.296;67;0.005975;0;22.12;399;955;0.003824;0.005975;-5.26392961876833;8.04838709677419;256;256;
2021-05-22 14:22:53;212;125;8.296;67;0.005975;0;22.12;399;955;0.003824;0.005975;-5.26392961876833;8.04838709677419;256;256;
2021-05-23 14:12:26;212;125;8.296;67;0.005975;0;22.12;399;955;0.003824;0.005975;-5.26392961876833;8.04838709677419;256;256;
2021-05-24 13:59:06;212;125;8.296;67;0.005975;0;22.12;399;955;0.003824;0.005975;-5.26392961876833;8.04838709677419;256;256;
2021-05-24 14:00:06;212;125;8.296;67;0.005975;0;22.12;399;955;0.003824;0.005975;-5.26392961876833;8.04838709677419;256;256;
2021-05-26 13:49:04;212;125;8.296;67;0.005975;0;22.12;399;955;0.003824;0.005975;-5.26392961876833;8.04838709677419;256;256;
2021-05-26 13:50:04;212;125;8.296;67;0.005975;0;22.12;399;955;0.003824;0.005975;-5.26392961876833;8.04838709677419;256;256;
2021-05-26 13:51:04;212;125;8.296;67;0.005975;0;22.12;399;955;0.003824;0.005975;-5.26392961876833;8.04838709677419;256;256;
2021-05-26 13:52:04;212;125;8.296;67;0.005975;0;22.12;399;955;0.003824;0.005975;-5.26392961876833;8.04838709677419;256;256;
2021-05-30 13:31:01;212;125;8.296;67;0.005975;0;22.12;399;955;0.003824;0.005975;-5.26392961876833;8.04838709677419;256;256;
2021-05-30 13:32:01;212;125;8.296;67;0.005975;0;22.12;399;955;0.003824;0.005975;-5.26392961876833;8.04838709677419;256;256;
2021-05-30 15:15:00;212;125;8.296;67;0.005975;0;22.12;399;955;0.003824;0.005975;-5.26392961876833;8.04838709677419;256;256;
2021-05-31 13:29:00;212;125;8.296;67;0.005975;0;22.12;399;955;0.003824;0.005975;-5.26392961876833;8.04838709677419;256;256;
2021-06-02 02:57:58;212;125;8.296;67;0.005975;0;22.12;399;955;0.003824;0.005975;-5.26392961876833;8.04838709677419;256;256;
2021-06-02 14:58:49;212;125;8.296;67;0.005975;0;22.12;399;955;0.003824;0.005975;-5.26392961876833;8.04838709677419;256;256;
2021-06-05 14:47:47;212;125;8.296;67;0.005975;0;22.12;399;955;0.003824;0.005975;-5.26392961876833;8.04838709677419;256;256;
2021-06-06 02:41:54;212;125;8.296;67;0.005975;0;22.12;399;955;0.003824;0.005975;-5.26392961876833;8.04838709677419;256;256;
2021-06-06 02:42:54;212;125;8.296;67;0.005975;0;22.12;399;955;0.003824;0.005975;-5.26392961876833;8.04838709677419;256;256;
2021-06-06 02:43:54;212;125;8.296;67;0.005975;0;22.12;399;955;0.003824;0.005975;-5.26392961876833;8.04838709677419;256;256;
2021-06-08 14:25:52;212;125;8.296;67;0.005975;0;22.12;399;955;0.003824;0.005975;-5.26392961876833;8.04838709677419;256;256;
2021-06-09 14:22:52;212;125;8.296;67;0.005975;0;22.12;399;955;0.003824;0.005975;-5.26392961876833;8.04838709677419;256;256;
2021-06-11 14:14:51;212;125;8.296;67;0.005975;0;22.12;399;955;0.003824;0.005975;-5.26392961876833;8.04838709677419;256;256;
2021-06-13 14:05:48;212;125;8.296;67;0.005975;0;22.12;399;955;0.003824;0.005975;-5.26392961876833;8.04838709677419;256;256;
2021-06-13 14:07:48;212;125;8.296;67;0.005975;0;22.12;399;955;0.003824;0.005975;-5.26392961876833;8.04838709677419;256;256;
2021-06-18 15:33:44;212;125;8.296;67;0.005975;0;22.12;399;955;0.003824;0.005975;-5.26392961876833;8.04838709677419;256;256;
2021-06-22 13:27:48;212;125;8.296;67;0.005975;0;22.12;399;955;0.003824;0.005975;-5.26392961876833;8.04838709677419;256;256;
2021-06-24 13:19:52;212;125;8.296;67;0.005975;0;22.12;399;955;0.003824;0.005975;-5.26392961876833;8.04838709677419;256;256;
2021-06-24 13:20:11;212;125;8.296;67;0.005975;0;22.12;399;955;0.003824;0.005975;-5.26392961876833;8.04838709677419;256;256;
2021-06-25 14:49:34;212;125;8.296;67;0.005975;0;22.12;399;955;0.003824;0.005975;-5.26392961876833;8.04838709677419;256;256;
2021-06-27 14:40:12;212;125;8.296;67;0.005975;0;22.12;399;955;0.003824;0.005975;-5.26392961876833;8.04838709677419;256;256;
2021-06-29 14:27:34;212;125;8.296;67;0.005975;0;22.12;399;955;0.003824;0.005975;-5.26392961876833;8.04838709677419;256;256;
2021-06-29 14:29:34;212;125;8.296;67;0.005975;0;22.12;399;955;0.003824;0.005975;-5.26392961876833;8.04838709677419;256;256;
2021-07-01 14:18:33;212;125;8.296;67;0.005975;0;22.12;399;955;0.003824;0.005975;-5.26392961876833;8.04838709677419;256;256;
2021-07-01 14:20:32;212;125;8.296;67;0.005975;0;22.12;399;955;0.003824;0.005975;-5.26392961876833;8.04838709677419;256;256;
2021-07-02 14:14:32;212;125;8.296;67;0.005975;0;22.12;399;955;0.003824;0.005975;-5.26392961876833;8.04838709677419;256;256;
2021-07-02 14:15:32;212;125;8.296;67;0.005975;0;22.12;399;955;0.003824;0.005975;-5.26392961876833;8.04838709677419;256;256;
2021-07-02 14:16:32;212;125;8.296;67;0.005975;0;22.12;399;955;0.003824;0.005975;-5.26392961876833;8.04838709677419;256;256;
2021-07-06 13:56:28;212;125;8.296;67;0.005975;0;22.12;399;955;0.003824;0.005975;-5.26392961876833;8.04838709677419;256;256;
2021-07-15 13:24:00;212;125;8.296;67;0.005975;0;22.12;399;955;0.003824;0.005975;-5.26392961876833;8.04838709677419;256;256;
2021-07-19 14:33:18;212;125;8.296;67;0.005975;0;22.12;399;955;0.003824;0.005975;-5.26392961876833;8.04838709677419;256;256;
2021-07-19 14:34:18;212;125;8.296;67;0.005975;0;22.12;399;955;0.003824;0.005975;-5.26392961876833;8.04838709677419;256;256;
2021-07-20 14:27:17;212;125;8.296;67;0.005975;0;22.12;399;955;0.003824;0.005975;-5.26392961876833;8.04838709677419;256;256;
2021-07-20 14:28:17;212;125;8.296;67;0.005975;0;22.12;399;955;0.003824;0.005975;-5.26392961876833;8.04838709677419;256;256;
2021-07-21 14:23:16;212;125;8.296;67;0.005975;0;22.12;399;955;0.003824;0.005975;-5.26392961876833;8.04838709677419;256;256;
2021-07-21 14:25:16;212;125;8.296;67;0.005975;0;22.12;399;955;0.003824;0.005975;-5.26392961876833;8.04838709677419;256;256;
2021-07-23 14:27:45;212;125;8.296;67;0.005975;0;22.12;399;955;0.003824;0.005975;-5.26392961876833;8.04838709677419;256;256;
2021-07-26 14:00:12;212;125;8.296;67;0.005975;0;22.12;399;955;0.003824;0.005975;-5.26392961876833;8.04838709677419;256;256;
2021-07-28 13:54:10;212;125;8.296;67;0.005975;0;22.12;399;955;0.003824;0.005975;-5.26392961876833;8.04838709677419;256;256;
2021-08-02 13:31:06;212;125;8.296;67;0.005975;0;22.12;399;955;0.003824;0.005975;-5.26392961876833;8.04838709677419;256;256;
2021-08-02 15:19:06;212;125;8.296;67;0.005975;0;22.12;399;955;0.003824;0.005975;-5.26392961876833;8.04838709677419;256;256;
2021-08-08 14:37:01;212;125;8.296;67;0.005975;0;22.12;399;955;0.003824;0.005975;-5.26392961876833;8.04838709677419;256;256;
2021-08-14 14:14:54;212;125;8.296;67;0.005975;0;22.12;399;955;0.003824;0.005975;-5.26392961876833;8.04838709677419;256;256;
2021-08-18 13:57:53;212;125;8.296;67;0.005975;0;22.12;399;955;0.003824;0.005975;-5.26392961876833;8.04838709677419;256;256;
2021-08-19 03:26:53;212;125;8.296;67;0.005975;0;22.12;399;955;0.003824;0.005975;-5.26392961876833;8.04838709677419;256;256;
2021-08-19 15:29:51;212;125;8.296;67;0.005975;0;22.12;399;955;0.003824;0.005975;-5.26392961876833;8.04838709677419;256;256;
2021-08-20 15:23:51;212;125;8.296;67;0.005975;0;22.12;399;955;0.003824;0.005975;-5.26392961876833;8.04838709677419;256;256;
2021-08-21 23:49:46;212;125;8.296;67;0.005975;0;22.12;399;955;0.003824;0.005975;-5.26392961876833;8.04838709677419;256;256;
2021-08-22 15:15:50;212;125;8.296;67;0.005975;0;22.12;399;955;0.003824;0.005975;-5.26392961876833;8.04838709677419;256;256;
2021-08-22 15:17:50;212;125;8.296;67;0.005975;0;22.12;399;955;0.003824;0.005975;-5.26392961876833;8.04838709677419;256;256;
2021-08-23 10:33:45;212;125;8.296;67;0.005975;0;22.12;399;955;0.003824;0.005975;-5.26392961876833;8.04838709677419;256;256;
2021-08-23 15:09:51;212;125;8.296;67;0.005975;0;22.12;399;955;0.003824;0.005975;-5.26392961876833;8.04838709677419;256;256;
2021-08-23 15:10:51;212;125;8.296;67;0.005975;0;22.12;399;955;0.003824;0.005975;-5.26392961876833;8.04838709677419;256;256;
2021-08-24 10:28:44;212;125;8.296;67;0.005975;0;22.12;399;955;0.003824;0.005975;-5.26392961876833;8.04838709677419;256;256;
2021-08-24 15:04:47;212;125;8.296;67;0.005975;0;22.12;399;955;0.003824;0.005975;-5.26392961876833;8.04838709677419;256;256;
2021-08-24 15:05:47;212;125;8.296;67;0.005975;0;22.12;399;955;0.003824;0.005975;-5.26392961876833;8.04838709677419;256;256;
2021-08-24 23:35:44;212;125;8.296;67;0.005975;0;22.12;399;955;0.003824;0.005975;-5.26392961876833;8.04838709677419;256;256;
2021-08-25 23:30:43;212;125;8.296;67;0.005975;0;22.12;399;955;0.003824;0.005975;-5.26392961876833;8.04838709677419;256;256;
2021-08-26 10:20:42;212;125;8.296;67;0.005975;0;22.12;399;955;0.003824;0.005975;-5.26392961876833;8.04838709677419;256;256;
2021-08-26 14:47:46;212;125;8.296;67;0.005975;0;22.12;399;955;0.003824;0.005975;-5.26392961876833;8.04838709677419;256;256;
2021-08-26 23:25:42;212;125;8.296;67;0.005975;0;22.12;399;955;0.003824;0.005975;-5.26392961876833;8.04838709677419;256;256;
2021-08-27 10:15:42;212;125;8.296;67;0.005975;0;22.12;399;955;0.003824;0.005975;-5.26392961876833;8.04838709677419;256;256;
2021-08-28 10:10:41;212;125;8.296;67;0.005975;0;22.12;399;955;0.003824;0.005975;-5.26392961876833;8.04838709677419;256;256;
2021-08-28 10:11:41;212;125;8.296;67;0.005975;0;22.12;399;955;0.003824;0.005975;-5.26392961876833;8.04838709677419;256;256;
2021-08-28 23:16:40;212;125;8.296;67;0.005975;0;22.12;399;955;0.003824;0.005975;-5.26392961876833;8.04838709677419;256;256;
2021-08-28 23:17:40;212;125;8.296;67;0.005975;0;22.12;399;955;0.003824;0.005975;-5.26392961876833;8.04838709677419;256;256;
2021-08-29 10:07:40;212;125;8.296;67;0.005975;0;22.12;399;955;0.003824;0.005975;-5.26392961876833;8.04838709677419;256;256;
2021-08-30 14:37:43;212;125;8.296;67;0.005975;0;22.12;399;955;0.003824;0.005975;-5.26392961876833;8.04838709677419;256;256;
2021-08-30 14:38:43;212;125;8.296;67;0.005975;0;22.12;399;955;0.003824;0.005975;-5.26392961876833;8.04838709677419;256;256;
2021-08-30 23:08:39;212;125;8.296;67;0.005975;0;22.12;399;955;0.003824;0.005975;-5.26392961876833;8.04838709677419;256;256;
2021-08-31 16:06:41;212;125;8.296;67;0.005975;0;22.12;399;955;0.003824;0.005975;-5.26392961876833;8.04838709677419;256;256;
2021-09-01 22:57:37;212;125;8.296;67;0.005975;0;22.12;399;955;0.003824;0.005975;-5.26392961876833;8.04838709677419;256;256;
2021-09-01 22:59:37;212;125;8.296;67;0.005975;0;22.12;399;955;0.003824;0.005975;-5.26392961876833;8.04838709677419;256;256;
2021-09-02 09:48:36;212;125;8.296;67;0.005975;0;22.12;399;955;0.003824;0.005975;-5.26392961876833;8.04838709677419;256;256;
2021-09-02 09:48:37;212;125;8.296;67;0.005975;0;22.12;399;955;0.003824;0.005975;-5.26392961876833;8.04838709677419;256;256;
2021-09-02 09:49:37;212;125;8.296;67;0.005975;0;22.12;399;955;0.003824;0.005975;-5.26392961876833;8.04838709677419;256;256;
2021-09-02 22:53:36;212;125;8.296;67;0.005975;0;22.12;399;955;0.003824;0.005975;-5.26392961876833;8.04838709677419;256;256;
2021-09-04 14:07:38;212;125;8.296;67;0.005975;0;22.12;399;955;0.003824;0.005975;-5.26392961876833;8.04838709677419;256;256;
2021-09-04 14:09:38;212;125;8.296;67;0.005975;0;22.12;399;955;0.003824;0.005975;-5.26392961876833;8.04838709677419;256;256;
2021-09-05 14:06:37;212;125;8.296;67;0.005975;0;22.12;399;955;0.003824;0.005975;-5.26392961876833;8.04838709677419;256;256;
2021-09-06 02:04:37;212;125;8.296;67;0.005975;0;22.12;399;955;0.003824;0.005975;-5.26392961876833;8.04838709677419;256;256;
2021-09-06 14:02:35;212;125;8.296;67;0.005975;0;22.12;399;955;0.003824;0.005975;-5.26392961876833;8.04838709677419;256;256;
2021-09-07 01:59:35;212;125;8.296;67;0.005975;0;22.12;399;955;0.003824;0.005975;-5.26392961876833;8.04838709677419;256;256;
2021-09-07 15:30:34;212;125;8.296;67;0.005975;0;22.12;399;955;0.003824;0.005975;-5.26392961876833;8.04838709677419;256;256;
2021-09-08 13:53:34;212;125;8.296;67;0.005975;0;22.12;399;955;0.003824;0.005975;-5.26392961876833;8.04838709677419;256;256;
2021-09-09 15:20:33;212;125;8.296;67;0.005975;0;22.12;399;955;0.003824;0.005975;-5.26392961876833;8.04838709677419;256;256;
2021-09-09 15:21:33;212;125;8.296;67;0.005975;0;22.12;399;955;0.003824;0.005975;-5.26392961876833;8.04838709677419;256;256;
2021-09-09 15:23:33;212;125;8.296;67;0.005975;0;22.12;399;955;0.003824;0.005975;-5.26392961876833;8.04838709677419;256;256;
2021-09-09 15:24:33;212;125;8.296;67;0.005975;0;22.12;399;955;0.003824;0.005975;-5.26392961876833;8.04838709677419;256;256;
2021-09-09 15:25:33;212;125;8.296;67;0.005975;0;22.12;399;955;0.003824;0.005975;-5.26392961876833;8.04838709677419;256;256;
2021-09-09 15:26:33;212;125;8.296;67;0.005975;0;22.12;399;955;0.003824;0.005975;-5.26392961876833;8.04838709677419;256;256;
2021-09-09 15:27:33;212;125;8.296;67;0.005975;0;22.12;399;955;0.003824;0.005975;-5.26392961876833;8.04838709677419;256;256;
2021-09-11 15:13:31;212;125;8.296;67;0.005975;0;22.12;399;955;0.003824;0.005975;-5.26392961876833;8.04838709677419;256;256;
2021-09-11 15:14:31;212;125;8.296;67;0.005975;0;22.12;399;955;0.003824;0.005975;-5.26392961876833;8.04838709677419;256;256;
2021-09-11 15:15:31;212;125;8.296;67;0.005975;0;22.12;399;955;0.003824;0.005975;-5.26392961876833;8.04838709677419;256;256;
2021-09-11 15:16:31;212;125;8.296;67;0.005975;0;22.12;399;955;0.003824;0.005975;-5.26392961876833;8.04838709677419;256;256;
2021-09-11 15:17:31;212;125;8.296;67;0.005975;0;22.12;399;955;0.003824;0.005975;-5.26392961876833;8.04838709677419;256;256;
2021-09-11 15:18:31;212;125;8.296;67;0.005975;0;22.12;399;955;0.003824;0.005975;-5.26392961876833;8.04838709677419;256;256;
2021-09-12 03:10:31;212;125;8.296;67;0.005975;0;22.12;399;955;0.003824;0.005975;-5.26392961876833;8.04838709677419;256;256;
2021-09-12 03:11:31;212;125;8.296;67;0.005975;0;22.12;399;955;0.003824;0.005975;-5.26392961876833;8.04838709677419;256;256;
2021-09-12 03:12:31;212;125;8.296;67;0.005975;0;22.12;399;955;0.003824;0.005975;-5.26392961876833;8.04838709677419;256;256;
2021-09-12 03:13:31;212;125;8.296;67;0.005975;0;22.12;399;955;0.003824;0.005975;-5.26392961876833;8.04838709677419;256;256;
2021-09-12 03:14:31;212;125;8.296;67;0.005975;0;22.12;399;955;0.003824;0.005975;-5.26392961876833;8.04838709677419;256;256;
2021-09-12 15:07:31;212;125;8.296;67;0.005975;0;22.12;399;955;0.003824;0.005975;-5.26392961876833;8.04838709677419;256;256;
2021-09-12 15:09:31;212;125;8.296;67;0.005975;0;22.12;399;955;0.003824;0.005975;-5.26392961876833;8.04838709677419;256;256;
2021-09-12 15:10:31;212;125;8.296;67;0.005975;0;22.12;399;955;0.003824;0.005975;-5.26392961876833;8.04838709677419;256;256;
2021-09-12 15:11:31;212;125;8.296;67;0.005975;0;22.12;399;955;0.003824;0.005975;-5.26392961876833;8.04838709677419;256;256;
2021-09-14 14:59:29;212;125;8.296;67;0.005975;0;22.12;399;955;0.003824;0.005975;-5.26392961876833;8.04838709677419;256;256;
2021-09-14 15:04:29;212;125;8.296;67;0.005975;0;22.12;399;955;0.003824;0.005975;-5.26392961876833;8.04838709677419;256;256;
2021-09-14 23:32:24;212;125;8.296;67;0.005975;0;22.12;399;955;0.003824;0.005975;-5.26392961876833;8.04838709677419;256;256;
2021-09-14 23:33:24;212;125;8.296;67;0.005975;0;22.12;399;955;0.003824;0.005975;-5.26392961876833;8.04838709677419;256;256;
2021-09-15 14:50:28;212;125;8.296;67;0.005975;0;22.12;399;955;0.003824;0.005975;-5.26392961876833;8.04838709677419;256;256;
2021-09-15 14:51:28;212;125;8.296;67;0.005975;0;22.12;399;955;0.003824;0.005975;-5.26392961876833;8.04838709677419;256;256;
2021-09-15 14:58:28;212;125;8.296;67;0.005975;0;22.12;399;955;0.003824;0.005975;-5.26392961876833;8.04838709677419;256;256;
2021-09-15 14:59:28;212;125;8.296;67;0.005975;0;22.12;399;955;0.003824;0.005975;-5.26392961876833;8.04838709677419;256;256;
2021-09-15 23:27:24;212;125;8.296;67;0.005975;0;22.12;399;955;0.003824;0.005975;-5.26392961876833;8.04838709677419;256;256;
2021-09-15 23:28:24;212;125;8.296;67;0.005975;0;22.12;399;955;0.003824;0.005975;-5.26392961876833;8.04838709677419;256;256;
2021-09-16 10:18:24;212;125;8.296;67;0.005975;0;22.12;399;955;0.003824;0.005975;-5.26392961876833;8.04838709677419;256;256;
2021-09-16 10:19:24;212;125;8.296;67;0.005975;0;22.12;399;955;0.003824;0.005975;-5.26392961876833;8.04838709677419;256;256;
2021-09-17 10:13:23;212;125;8.296;67;0.005975;0;22.12;399;955;0.003824;0.005975;-5.26392961876833;8.04838709677419;256;256;
2021-09-17 13:07:27;212;125;8.296;67;0.005975;0;22.12;399;955;0.003824;0.005975;-5.26392961876833;8.04838709677419;256;256;
2021-09-17 13:08:27;212;125;8.296;67;0.005975;0;22.12;399;955;0.003824;0.005975;-5.26392961876833;8.04838709677419;256;256;
2021-09-17 23:18:23;212;125;8.296;67;0.005975;0;22.12;399;955;0.003824;0.005975;-5.26392961876833;8.04838709677419;256;256;
2021-09-18 10:08:22;212;125;8.296;67;0.005975;0;22.12;399;955;0.003824;0.005975;-5.26392961876833;8.04838709677419;256;256;
2021-09-18 10:09:22;212;125;8.296;67;0.005975;0;22.12;399;955;0.003824;0.005975;-5.26392961876833;8.04838709677419;256;256;
2021-09-19 14:38:24;212;125;8.296;67;0.005975;0;22.12;399;955;0.003824;0.005975;-5.26392961876833;8.04838709677419;256;256;
2021-09-19 14:39:24;212;125;8.296;67;0.005975;0;22.12;399;955;0.003824;0.005975;-5.26392961876833;8.04838709677419;256;256;
2021-09-20 09:59:20;212;125;8.296;67;0.005975;0;22.12;399;955;0.003824;0.005975;-5.26392961876833;8.04838709677419;256;256;
2021-09-20 23:04:20;212;125;8.296;67;0.005975;0;22.12;399;955;0.003824;0.005975;-5.26392961876833;8.04838709677419;256;256;
2021-09-20 23:05:20;212;125;8.296;67;0.005975;0;22.12;399;955;0.003824;0.005975;-5.26392961876833;8.04838709677419;256;256;
2021-09-21 09:54:19;212;125;8.296;67;0.005975;0;22.12;399;955;0.003824;0.005975;-5.26392961876833;8.04838709677419;256;256;
2021-09-21 09:55:19;212;125;8.296;67;0.005975;0;22.12;399;955;0.003824;0.005975;-5.26392961876833;8.04838709677419;256;256;
2021-09-21 14:24:23;212;125;8.296;67;0.005975;0;22.12;399;955;0.003824;0.005975;-5.26392961876833;8.04838709677419;256;256;
2021-09-21 23:00:19;212;125;8.296;67;0.005975;0;22.12;399;955;0.003824;0.005975;-5.26392961876833;8.04838709677419;256;256;
2021-09-22 02:24:22;212;125;8.296;67;0.005975;0;22.12;399;955;0.003824;0.005975;-5.26392961876833;8.04838709677419;256;256;
2021-09-23 09:46:18;212;125;8.296;67;0.005975;0;22.12;399;955;0.003824;0.005975;-5.26392961876833;8.04838709677419;256;256;
2021-09-24 02:16:21;212;125;8.296;67;0.005975;0;22.12;399;955;0.003824;0.005975;-5.26392961876833;8.04838709677419;256;256;
2021-09-24 09:40:17;212;125;8.296;67;0.005975;0;22.12;399;955;0.003824;0.005975;-5.26392961876833;8.04838709677419;256;256;
2021-09-25 02:10:20;212;125;8.296;67;0.005975;0;22.12;399;955;0.003824;0.005975;-5.26392961876833;8.04838709677419;256;256;
2021-09-25 02:11:20;212;125;8.296;67;0.005975;0;22.12;399;955;0.003824;0.005975;-5.26392961876833;8.04838709677419;256;256;
2021-09-25 02:12:20;212;125;8.296;67;0.005975;0;22.12;399;955;0.003824;0.005975;-5.26392961876833;8.04838709677419;256;256;
2021-09-25 09:36:16;212;125;8.296;67;0.005975;0;22.12;399;955;0.003824;0.005975;-5.26392961876833;8.04838709677419;256;256;
2021-09-25 14:07:20;212;125;8.296;67;0.005975;0;22.12;399;955;0.003824;0.005975;-5.26392961876833;8.04838709677419;256;256;
2021-09-25 14:08:20;212;125;8.296;67;0.005975;0;22.12;399;955;0.003824;0.005975;-5.26392961876833;8.04838709677419;256;256;
2021-09-25 14:09:20;212;125;8.296;67;0.005975;0;22.12;399;955;0.003824;0.005975;-5.26392961876833;8.04838709677419;256;256;
2021-09-25 15:43:20;212;125;8.296;67;0.005975;0;22.12;399;955;0.003824;0.005975;-5.26392961876833;8.04838709677419;256;256;
